[
  { "name": "Київський національний університет імені Тараса Шевченка", "city": "Київ" },
  { "name": "Харківський національний університет імені В. Н. Каразіна", "city": "Харків" },
  { "name": "Львівський національний університет імені Івана Франка", "city": "Львів" },
  { "name": "Сумський державний університет", "city": "Суми" },
  { "name": "Національний технічний університет України «Київський політехнічний інститут імені Ігоря Сікорського»", "city": "Київ" },
  { "name": "Одеський національний університет імені І. І. Мечникова", "city": "Одеса" },
  { "name": "Львівський національний медичний університет імені Данила Галицького", "city": "Львів" },
  { "name": "Чернівецький національний університет імені Юрія Федьковича", "city": "Чернівці" },
  { "name": "Національний університет «Львівська політехніка»", "city": "Львів" },
  { "name": "Прикарпатський національний університет імені Василя Стефаника", "city": "Івано-Франківськ" },
  { "name": "Харківський національний медичний університет", "city": "Харків" },
  { "name": "Дніпровський державний медичний університет", "city": "Дніпро" },
  { "name": "Національний медичний університет імені О. О.Богомольця", "city": "Київ" },
  { "name": "Український державний університет науки і технологій", "city": "Дніпро" },
  { "name": "Національний технічний університет «Харківський політехнічний інститут»", "city": "Харків" },
  { "name": "Донецький національний медичний університет", "city": "Кропивницький" },
  { "name": "Національний університет охорони здоров’я України імені П. Л. Шупика", "city": "Київ" },
  { "name": "Дніпровський національний університет імені Олеся Гончара", "city": "Дніпро" },
  { "name": "Український державний хіміко-технологічний університет", "city": "Дніпро" },
  { "name": "Ужгородський національний університет", "city": "Ужгород" },
  { "name": "Черкаський національний університет імені Богдана Хмельницького", "city": "Черкаси" },
  { "name": "Національний університет біоресурсів і природокористування України", "city": "Київ" },
  { "name": "Державний університет «Київський авіаційний інститут»", "city": "Київ" },
  { "name": "Національний аерокосмічний університет ім. М. Є. Жуковського «Харківський авіаційний інститут»", "city": "Харків" },
  { "name": "Тернопільський національний медичний університет імені І. Я. Горбачевського", "city": "Тернопіль" },
  { "name": "Міжрегіональна академія управління персоналом", "city": "Київ" },
  { "name": "Харківський національний університет радіоелектроніки", "city": "Харків" },
  { "name": "Національний університет «Києво-Могилянська академія»", "city": "Київ" },
  { "name": "Національний технічний університет «Дніпровська політехніка»", "city": "Дніпро" },
  { "name": "Національний університет водного господарства та природокористування", "city": "Рівне" },
  { "name": "Західноукраїнський національний університет", "city": "Тернопіль" },
  { "name": "Кременчуцький національний університет імені Михайла Остроградського", "city": "Кременчук" },
  { "name": "Криворізький державний педагогічний університет", "city": "Кривий Ріг" },
  { "name": "Донецький національний університет імені Василя Стуса", "city": "Вінниця" },
  { "name": "Сумський національний аграрний університет", "city": "Суми" },
  { "name": "Таврійський національний університет імені В. І. Вернадського", "city": "Київ" },
  { "name": "Волинський національний університет імені Лесі Українки", "city": "Луцьк" },
  { "name": "Національний лісотехнічний університет України", "city": "Львів" },
  { "name": "Національний університет цивільного захисту України", "city": "Харків" },
  { "name": "Вінницький національний технічний університет", "city": "Вінниця" },
  { "name": "Вінницький національний медичний університет ім. М. І. Пирогова", "city": "Вінниця" },
  { "name": "Херсонський державний університет", "city": "Херсон" },
  { "name": "Національний університет «Полтавська політехніка імені Юрія Кондратюка»", "city": "Полтава" },
  { "name": "Київський національний університет будівництва і архітектури", "city": "Київ" },
  { "name": "Національний університет харчових технологій", "city": "Київ" },
  { "name": "Криворізький національний університет", "city": "Кривий Ріг" },
  { "name": "Івано-Франківський національний технічний університет нафти і газу", "city": "Івано-Франківськ" },
  { "name": "Дрогобицький державний педагогічний університет імені Івана Франка", "city": "Дрогобич" },
  { "name": "Національний університет «Одеська політехніка»", "city": "Одеса" },
  { "name": "Донецький національний технічний університет", "city": "Луцьк" },
  { "name": "Тернопільський національний педагогічний університет імені Володимира Гнатюка", "city": "Тернопіль" },
  { "name": "Одеський національний технологічний університет", "city": "Одеса" },
  { "name": "Буковинський державний медичний університет", "city": "Чернівці" },
  { "name": "Національний фармацевтичний університет", "city": "Харків" },
  { "name": "Східноукраїнський національний університет імені Володимира Даля", "city": "Київ" },
  { "name": "Тернопільський національний технічний університет імені Івана Пулюя", "city": "Тернопіль" },
  { "name": "Українська медична стоматологічна академія", "city": "Полтава" },
  { "name": "Донбаська державна машинобудівна академія", "city": "Краматорськ" },
  { "name": "Український державний університет залізничного транспорту", "city": "Харків" },
  { "name": "Державний біотехнологічний університет", "city": "Харків" },
  { "name": "Івано-Франківський національний медичний університет", "city": "Івано-Франківськ" },
  { "name": "Київський національний університет технологій та дизайну", "city": "Київ" },
  { "name": "Запорізький державний медико-фармацевтичний університет", "city": "Запоріжжя" },
  { "name": "Харківський національний автомобільно-дорожній університет", "city": "Харків" },
  { "name": "Чорноморський національний університет імені Петра Могили", "city": "Миколаїв" },
  { "name": "Приазовський державний технічний університет", "city": "Дніпро" },
  { "name": "Державний університет інфраструктури та технологій", "city": "Київ" },
  { "name": "Харківський національний університет міського господарства імені О. М. Бекетова", "city": "Харків" },
  { "name": "Одеський національний медичний університет", "city": "Одеса" },
  { "name": "Національний університет кораблебудування імені адмірала Макарова", "city": "Миколаїв" },
  { "name": "Харківський національний університет Повітряних Сил імені Івана Кожедуба", "city": "Харків" },
  { "name": "Львівський національний університет ветеринарної медицини та біотехнологій імені С. З. Ґжицького", "city": "Львів" },
  { "name": "Державний торговельно-економічний університет", "city": "Київ" },
  { "name": "Запорізький національний університет", "city": "Запоріжжя" },
  { "name": "Національний університет «Чернігівська політехніка»", "city": "Чернігів" },
  { "name": "Київський національний економічний університет імені Вадима Гетьмана", "city": "Київ" },
  { "name": "Університет «Київська школа економіки»", "city": "Київ" },
  { "name": "Національний університет «Запорізька політехніка»", "city": "Запоріжжя" },
  { "name": "Хмельницький національний університет", "city": "Хмельницький" },
  { "name": "Харківський національний педагогічний університет імені Г. С. Сковороди", "city": "Харків" },
  { "name": "Харківський національний економічний університет імені Семена Кузнеця", "city": "Харків" },
  { "name": "Південноукраїнський національний педагогічний університет імені К. Д. Ушинського", "city": "Одеса" },
  { "name": "Державний університет «Житомирська політехніка»", "city": "Житомир" },
  { "name": "Придніпровська державна академія будівництва та архітектури", "city": "Дніпро" },
  { "name": "Миколаївський національний університет імені В. О. Сухомлинського", "city": "Миколаїв" },
  { "name": "Львівський державний університет безпеки життєдіяльності", "city": "Львів" },
  { "name": "Бердянський державний педагогічний університет", "city": "Бердянськ" },
  { "name": "Таврійський державний агротехнологічний університет імені Дмитра Моторного", "city": "Мелітополь" },
  { "name": "Миколаївський національний аграрний університет", "city": "Миколаїв" },
  { "name": "Національний університет фізичного виховання і спорту України", "city": "Київ" },
  { "name": "Державний університет інформаційно-комунікаційних технологій", "city": "Київ" },
  { "name": "Одеський державний екологічний університет", "city": "Одеса" },
  { "name": "Київський Університет імені Бориса Грінченка", "city": "Київ" },
  { "name": "Дніпровський державний аграрно-економічний університет", "city": "Дніпро" },
  { "name": "Національний транспортний університет", "city": "Київ" },
  { "name": "Національний юридичний університет імені Ярослава Мудрого", "city": "Харків" },
  { "name": "Львівський національний університет природокористування", "city": "Львів" },
  { "name": "Одеський національний морський університет", "city": "Одеса" },
  { "name": "Львівський державний університет фізичної культури імені Івана Боберського", "city": "Львів" },
  { "name": "Білоцерківський національний аграрний університет", "city": "Біла Церква" },
  { "name": "Херсонська державна морська академія", "city": "Херсон" },
  { "name": "Львівський торговельно-економічний університет", "city": "Львів" },
  { "name": "Поліський національний університет", "city": "Житомир" },
  { "name": "Вінницький національний аграрний університет", "city": "Вінниця" },
  { "name": "Національний університет оборони України імені Івана Черняховського", "city": "Київ" },
  { "name": "Черкаський державний технологічний університет", "city": "Черкаси" },
  { "name": "Мелітопольський державний педагогічний університет імені Богдана Хмельницького", "city": "Мелітополь" },
  { "name": "Херсонський державний аграрно-економічний університет", "city": "Херсон" },
  { "name": "Подільський державний університет", "city": "Кам’янець-Подільський" },
  { "name": "Університет митної справи та фінансів", "city": "Дніпро" },
  { "name": "Одеський національний економічний університет", "city": "Одеса" },
  { "name": "Луцький національний технічний університет", "city": "Луцьк" },
  { "name": "Вінницький державний педагогічний університет імені Михайла Коцюбинського", "city": "Вінниця" },
  { "name": "Житомирський державний університет імені Івана Франка", "city": "Житомир" },
  { "name": "Одеська державна академія будівництва та архітектури", "city": "Одеса" },
  { "name": "Сумський державний педагогічний університет імені А. С. Макаренка", "city": "Суми" },
  { "name": "Маріупольский державний університет", "city": "Київ" },
  { "name": "Херсонський національний технічний університет", "city": "Хмельницький" },
  { "name": "Харківський національний університет внутрішніх справ", "city": "Вінниця" },
  { "name": "Донбаська національна академія будівництва і архітектури", "city": "Краматорськ" },
  { "name": "Луганський державний медичний університет", "city": "Рівне" },
  { "name": "ІТ СТЕП Університет", "city": "Львів" },
  { "name": "Полтавський державний аграрний університет", "city": "Полтава" },
  { "name": "Національний університет «Одеська морська академія»", "city": "Одеса" },
  { "name": "Луганський національний педагогічний університет імені Тараса Шевченка", "city": "Полтава" },
  { "name": "Українська академія друкарства", "city": "Львів" },
  { "name": "Міжнародний гуманітарний університет", "city": "Одеса" },
  { "name": "Державний податковий університет", "city": "Ірпінь" },
  { "name": "Закарпатський угорський інститут ім. Ференца Ракоці ІІ", "city": "Берегове" },
  { "name": "Національна академія державного управління при Президентові України", "city": "Київ" },
  { "name": "Національна академія Національної гвардії України", "city": "Харків" },
  { "name": "Кам`янець-Подільський національний університет імені Івана Огієнка", "city": "Кам’янець-Подільський" },
  { "name": "Університет Григорія Сковороди в Переяславі", "city": "Переяслав" },
  { "name": "Національний педагогічний університет імені М. П. Драгоманова", "city": "Київ" },
  { "name": "Військова академія (м. Одеса)", "city": "Одеса" },
  { "name": "Харківська державна академія фізичної культури", "city": "Харків" },
  { "name": "Національний університет «Чернігівський колегіум» імені Т. Г. Шевченка", "city": "Чернігів" },
  { "name": "Університет банківської справи", "city": "Київ" },
  { "name": "Центральноукраїнський національний технічний університет", "city": "Кропивницький" },
  { "name": "Львівський державний університет внутрішніх справ", "city": "Львів" },
  { "name": "Донецький національний університет економіки і торгівлі імені Михайла Туган-Барановського", "city": "Кривий Ріг" },
  { "name": "Центральноукраїнський державний педагогічний університет імені Володимира Винниченка", "city": "Кропивницький" },
  { "name": "Європейський університет", "city": "Київ" },
  { "name": "Український католицький університет", "city": "Львів" },
  { "name": "Державний університет інтелектуальних технологій і зв'язку", "city": "Одеса" },
  { "name": "Дніпровський державний технічний університет", "city": "Кам’янське" },
  { "name": "Рівненський державний гуманітарний університет", "city": "Рівне" },
  { "name": "Київський академічний університет", "city": "Київ" },
  { "name": "Київський національний університет культури і мистецтв", "city": "Київ" },
  { "name": "Дніпропетровський державний університет внутрішніх справ", "city": "Дніпро" },
  { "name": "Університет менеджменту освіти Національної академії педагогічних наук України", "city": "Київ" },
  { "name": "Житомирський вiйськовий iнститут iменi С. П. Корольова", "city": "Житомир" },
  { "name": "Донбаський державний педагогічний університет", "city": "Слов’янськ" },
  { "name": "Уманський державний педагогічний університет імені Павла Тичини", "city": "Умань" },
  { "name": "Національна академія внутрішніх справ", "city": "Київ" },
  { "name": "Університет імені Альфреда Нобеля", "city": "Дніпро" },
  { "name": "Національний університет «Острозька академія»", "city": "Острог" },
  { "name": "Київський медичний університет", "city": "Київ" },
  { "name": "Національна академія Державної прикордонної служби України імені Богдана Хмельницького", "city": "Хмельницький" },
  { "name": "Уманський національний університет садівництва", "city": "Умань" },
  { "name": "Полтавський університет економіки і торгівлі", "city": "Полтава" },
  { "name": "Донецький державний університет внутрішніх справ", "city": "Кривий Ріг" },
  { "name": "Ізмаїльський державний гуманітарний університет", "city": "Ізмаїл" },
  { "name": "Класичний приватний університет", "city": "Запоріжжя" },
  { "name": "Державний університет економіки і технологій", "city": "Кривий Ріг" },
  { "name": "Хортицька національна навчально-реабілітаційна академія", "city": "Запоріжжя" },
  { "name": "Київський міжнародний університет", "city": "Київ" },
  { "name": "Національний університет «Одеська юридична академія»", "city": "Одеса" },
  { "name": "Національна академія Служби безпеки України", "city": "Київ" },
  { "name": "Міжнародний Європейський Університет", "city": "Київ" },
  { "name": "Відкритий міжнародний університет розвитку людини «Україна»", "city": "Київ" },
  { "name": "Військовий інститут телекомунікацій та інформатизації імені Героїв Крут", "city": "Київ" },
  { "name": "Львівський університет бізнесу та права", "city": "Львів" },
  { "name": "Полтавський національний педагогічний університет імені В. Г. Короленка", "city": "Полтава" },
  { "name": "Університет економіки та права «Крок»", "city": "Київ" },
  { "name": "Одеський державний університет внутрішніх справ", "city": "Одеса" },
  { "name": "Хмельницький університет управління та права імені Леоніда Юзькова", "city": "Хмельницький" },
  { "name": "Одеський державний аграрний університет", "city": "Одеса" },
  { "name": "Міжнародний науково-технічний університет імені академіка Юрія Бугая", "city": "Київ" },
  { "name": "Українська військово-медична академія", "city": "Київ" },
  { "name": "Ніжинський державний університет імені Миколи Гоголя", "city": "Ніжин" },
  { "name": "Буковинський університет", "city": "Чернівці" },
  { "name": "Вінницька академія безперервної освіти", "city": "Вінниця" },
  { "name": "Мукачівський державний університет", "city": "Мукачево" },
  { "name": "Академія праці, соціальних відносин і туризму", "city": "Київ" },
  { "name": "Харківський міжнародний медичний університет", "city": "Харків" },
  { "name": "Міжнародний економіко-гуманітарний університет імені академіка Степана Дем'янчука", "city": "Рівне" },
  { "name": "Хмельницька гуманітарно-педагогічна академія", "city": "Хмельницький" },
  { "name": "Міжнародний університет фінансів", "city": "Київ" },
  { "name": "Національна академія управління", "city": "Київ" },
  { "name": "Глухівський національний педагогічний університет імені Олександра Довженка", "city": "Глухів" },
  { "name": "Харківська гуманітарно-педагогічна академія", "city": "Харків" },
  { "name": "Харківська державна академія дизайну і мистецтв", "city": "Харків" },
  { "name": "Технічний університет Метінвест Політехніка", "city": "Маріуполь" },
  { "name": "Харківський технологічний університет «ШАГ»", "city": "Харків" },
  { "name": "Хмельницький кооперативний торговельно-економічний інститут", "city": "Хмельницький" },
  { "name": "Київський національний лінгвістичний університет", "city": "Київ" },
  { "name": "Львівський медичний університет", "city": "Львів" },
  { "name": "Державний університет інформатики і штучного інтелекту", "city": "Київ" },
  { "name": "Державна навчально-наукова установа «Академія фінансового управління»", "city": "Київ" },
  { "name": "Університет Короля Данила", "city": "Івано-Франківськ" },
  { "name": "Дніпровський медичний інститут традиційної і нетрадиційної медицини", "city": "Дніпро" },
  { "name": "Національна академія статистики, обліку та аудиту", "city": "Київ" },
  { "name": "Харківська державна академія культури", "city": "Харків" },
  { "name": "Східноєвропейський університет імені Рауфа Аблязова", "city": "Черкаси" },
  { "name": "Бердянський університет менеджменту і бізнесу", "city": "Бердянськ" },
  { "name": "Київський університет туризму, економіки і права", "city": "Київ" },
  { "name": "Харківський гуманітарний університет «Народна українська академія»", "city": "Харків" },
  { "name": "Харківський національний університет мистецтв ім. І. П. Котляревського", "city": "Харків" },
  { "name": "Національна академія образотворчого мистецтва і архітектури", "city": "Київ" },
  { "name": "Львівський інститут економіки і туризму", "city": "Львів" },
  { "name": "Запорізький інститут економіки та інформаційних технологій", "city": "Запоріжжя" },
  { "name": "Дніпровський гуманітарний університет", "city": "Дніпро" },
  { "name": "Aмерікан Юніверсіті Київ", "city": "Київ" },
  { "name": "Київський університет культури", "city": "Київ" },
  { "name": "Національна музична академія України імені П. І. Чайковського", "city": "Київ" },
  { "name": "Київський славістичний університет", "city": "Київ" },
  { "name": "Київський інститут Національної гвардії України", "city": "Київ" },
  { "name": "Одеська національна музична академія імені А. В. Нежданової", "city": "Одеса" },
  { "name": "Київська муніципальна академія музики им. Р. М. Глієра", "city": "Київ" },
  { "name": "Зіґмунд Фройд Університет Україна", "city": "Київ" }
]